{
  "gpt-4o-mini": { "in": 0.000150, "out": 0.000600 },
  "gpt-4o":      { "in": 0.000500, "out": 0.001500 }
}
